<?xml version="1.0" encoding="UTF-8" ?>
<!DOCTYPE mapper PUBLIC "-//mybatis.org//DTD Mapper 3.0//EN" "http://mybatis.org/dtd/mybatis-3-mapper.dtd" >

<mapper namespace="com.icia.board.dao.MemberDao">
	<select id="selectPassword" parameterType="String"
		resultType="String">
		SELECT m_pwd FROM member WHERE m_id=#{mid}
	</select>
	
	<select id="selectMember" parameterType="String"
		resultType="MemberDto">
		SELECT * FROM minfo WHERE m_id=#{mid}
	</select>
	
	<select id="selectId" parameterType="String" 
		resultType="Integer">
		SELECT count(*) FROM member WHERE m_id=#{mid}
	</select>
	
	<insert id="insertMember" parameterType="MemberDto">
		INSERT INTO MEMBER
		VALUES(#{m_id},#{m_pwd},#{m_name},#{m_email},
			   #{m_birth},#{m_addr},#{m_phone},DEFAULT)
	</insert>
</mapper>




